<?xml version="1.0" encoding="UTF-8"?><?xml-stylesheet type='text/xsl' href='_UpgradeReport_Files/UpgradeReport.xslt'?><UpgradeLog>
<Properties><Property Name="Solution" Value="CSSamples2005">
</Property><Property Name="Solution File" Value="C:\Courses\Databases\Spring 2010\Labs\Lab16\CSSamples2005\CSSamples2005.sln">
</Property><Property Name="User Options File" Value="C:\Courses\Databases\Spring 2010\Labs\Lab16\CSSamples2005\CSSamples2005.suo">
</Property><Property Name="Date" Value="Tuesday, March 29, 2016">
</Property><Property Name="Time" Value="9:30 AM">
</Property></Properties><Event ErrorLevel="0" Project="" Source="CSSamples2005.sln" Description="File successfully backed up as C:\Courses\Databases\Spring 2010\Labs\Lab16\CSSamples2005\Backup\CSSamples2005.sln">
</Event><Event ErrorLevel="0" Project="" Source="CSSamples2005.suo" Description="File successfully backed up as C:\Courses\Databases\Spring 2010\Labs\Lab16\CSSamples2005\Backup\CSSamples2005.suo">
</Event><Event ErrorLevel="0" Project="CSSamples2005" Source="CSSamples2005\CSSamples2005.csproj" Description="Project file successfully backed up as C:\Courses\Databases\Spring 2010\Labs\Lab16\CSSamples2005\Backup\CSSamples2005\CSSamples2005.csproj">
</Event><Event ErrorLevel="0" Project="CSSamples2005" Source="CSSamples2005\Form1.cs" Description="File successfully backed up as C:\Courses\Databases\Spring 2010\Labs\Lab16\CSSamples2005\Backup\CSSamples2005\Form1.cs">
</Event><Event ErrorLevel="0" Project="CSSamples2005" Source="CSSamples2005\Form1.Designer.cs" Description="File successfully backed up as C:\Courses\Databases\Spring 2010\Labs\Lab16\CSSamples2005\Backup\CSSamples2005\Form1.Designer.cs">
</Event><Event ErrorLevel="0" Project="CSSamples2005" Source="CSSamples2005\NorthwindDataSet.Designer.cs" Description="File successfully backed up as C:\Courses\Databases\Spring 2010\Labs\Lab16\CSSamples2005\Backup\CSSamples2005\NorthwindDataSet.Designer.cs">
</Event><Event ErrorLevel="0" Project="CSSamples2005" Source="CSSamples2005\NorthwindDataSet1.Designer.cs" Description="File successfully backed up as C:\Courses\Databases\Spring 2010\Labs\Lab16\CSSamples2005\Backup\CSSamples2005\NorthwindDataSet1.Designer.cs">
</Event><Event ErrorLevel="0" Project="CSSamples2005" Source="CSSamples2005\Program.cs" Description="File successfully backed up as C:\Courses\Databases\Spring 2010\Labs\Lab16\CSSamples2005\Backup\CSSamples2005\Program.cs">
</Event><Event ErrorLevel="0" Project="CSSamples2005" Source="CSSamples2005\Properties\AssemblyInfo.cs" Description="File successfully backed up as C:\Courses\Databases\Spring 2010\Labs\Lab16\CSSamples2005\Backup\CSSamples2005\Properties\AssemblyInfo.cs">
</Event><Event ErrorLevel="0" Project="CSSamples2005" Source="CSSamples2005\Properties\Resources.Designer.cs" Description="File successfully backed up as C:\Courses\Databases\Spring 2010\Labs\Lab16\CSSamples2005\Backup\CSSamples2005\Properties\Resources.Designer.cs">
</Event><Event ErrorLevel="0" Project="CSSamples2005" Source="CSSamples2005\Properties\Settings.Designer.cs" Description="File successfully backed up as C:\Courses\Databases\Spring 2010\Labs\Lab16\CSSamples2005\Backup\CSSamples2005\Properties\Settings.Designer.cs">
</Event><Event ErrorLevel="0" Project="CSSamples2005" Source="CSSamples2005\ReportViewer.cs" Description="File successfully backed up as C:\Courses\Databases\Spring 2010\Labs\Lab16\CSSamples2005\Backup\CSSamples2005\ReportViewer.cs">
</Event><Event ErrorLevel="0" Project="CSSamples2005" Source="CSSamples2005\ReportViewer.Designer.cs" Description="File successfully backed up as C:\Courses\Databases\Spring 2010\Labs\Lab16\CSSamples2005\Backup\CSSamples2005\ReportViewer.Designer.cs">
</Event><Event ErrorLevel="0" Project="CSSamples2005" Source="CSSamples2005\app.config" Description="File successfully backed up as C:\Courses\Databases\Spring 2010\Labs\Lab16\CSSamples2005\Backup\CSSamples2005\app.config">
</Event><Event ErrorLevel="0" Project="CSSamples2005" Source="CSSamples2005\NorthwindDataSet.xsc" Description="File successfully backed up as C:\Courses\Databases\Spring 2010\Labs\Lab16\CSSamples2005\Backup\CSSamples2005\NorthwindDataSet.xsc">
</Event><Event ErrorLevel="0" Project="CSSamples2005" Source="CSSamples2005\NorthwindDataSet.xsd" Description="File successfully backed up as C:\Courses\Databases\Spring 2010\Labs\Lab16\CSSamples2005\Backup\CSSamples2005\NorthwindDataSet.xsd">
</Event><Event ErrorLevel="0" Project="CSSamples2005" Source="CSSamples2005\NorthwindDataSet.xss" Description="File successfully backed up as C:\Courses\Databases\Spring 2010\Labs\Lab16\CSSamples2005\Backup\CSSamples2005\NorthwindDataSet.xss">
</Event><Event ErrorLevel="0" Project="CSSamples2005" Source="CSSamples2005\NorthwindDataSet1.xsc" Description="File successfully backed up as C:\Courses\Databases\Spring 2010\Labs\Lab16\CSSamples2005\Backup\CSSamples2005\NorthwindDataSet1.xsc">
</Event><Event ErrorLevel="0" Project="CSSamples2005" Source="CSSamples2005\NorthwindDataSet1.xsd" Description="File successfully backed up as C:\Courses\Databases\Spring 2010\Labs\Lab16\CSSamples2005\Backup\CSSamples2005\NorthwindDataSet1.xsd">
</Event><Event ErrorLevel="0" Project="CSSamples2005" Source="CSSamples2005\NorthwindDataSet1.xss" Description="File successfully backed up as C:\Courses\Databases\Spring 2010\Labs\Lab16\CSSamples2005\Backup\CSSamples2005\NorthwindDataSet1.xss">
</Event><Event ErrorLevel="0" Project="CSSamples2005" Source="CSSamples2005\Properties\Settings.settings" Description="File successfully backed up as C:\Courses\Databases\Spring 2010\Labs\Lab16\CSSamples2005\Backup\CSSamples2005\Properties\Settings.settings">
</Event><Event ErrorLevel="0" Project="CSSamples2005" Source="CSSamples2005\Form1.resx" Description="File successfully backed up as C:\Courses\Databases\Spring 2010\Labs\Lab16\CSSamples2005\Backup\CSSamples2005\Form1.resx">
</Event><Event ErrorLevel="0" Project="CSSamples2005" Source="CSSamples2005\Properties\Resources.resx" Description="File successfully backed up as C:\Courses\Databases\Spring 2010\Labs\Lab16\CSSamples2005\Backup\CSSamples2005\Properties\Resources.resx">
</Event><Event ErrorLevel="0" Project="CSSamples2005" Source="CSSamples2005\Report1.rdlc" Description="File successfully backed up as C:\Courses\Databases\Spring 2010\Labs\Lab16\CSSamples2005\Backup\CSSamples2005\Report1.rdlc">
</Event><Event ErrorLevel="0" Project="CSSamples2005" Source="CSSamples2005\Report2.rdlc" Description="File successfully backed up as C:\Courses\Databases\Spring 2010\Labs\Lab16\CSSamples2005\Backup\CSSamples2005\Report2.rdlc">
</Event><Event ErrorLevel="0" Project="CSSamples2005" Source="CSSamples2005\ReportViewer.resx" Description="File successfully backed up as C:\Courses\Databases\Spring 2010\Labs\Lab16\CSSamples2005\Backup\CSSamples2005\ReportViewer.resx">
</Event><Event ErrorLevel="1" Project="CSSamples2005" Source="CSSamples2005\CSSamples2005.csproj" Description="Your project is targeting .NET Framework 2.0 or 3.0. If your project uses assemblies requiring a newer .NET Framework, your project will fail to build. You can change the .NET Framework version by clicking Properties on the project menu and then selecting a new version in the '.NET Framework' dropdown box. (In Visual Basic, this is located on the Compile tab by clicking the 'Advanced Compiler Options...' button.)">
</Event><Event ErrorLevel="0" Project="CSSamples2005" Source="CSSamples2005\CSSamples2005.csproj" Description="Project converted successfully">
</Event><Event ErrorLevel="3" Project="CSSamples2005" Source="CSSamples2005\CSSamples2005.csproj" Description="Converted">
</Event><Event ErrorLevel="0" Project="" Source="CSSamples2005.sln" Description="Solution converted successfully">
</Event><Event ErrorLevel="3" Project="" Source="CSSamples2005.sln" Description="Converted">
</Event><Event ErrorLevel="0" Project="CSSamples2005" Source="CSSamples2005\CSSamples2005.csproj" Description="Scan complete: Upgrade not required for project files.">
</Event></UpgradeLog>